,date,title,url,domain
0,2026-06-21,Forget Ads: Alphabet’s CEO Says This Is Now the Biggest Growth Driver,https://news.google.com/rss/articles/CBMilwFBVV95cUxQV2ZnX21Sc1lEb05ZdWNfR0EwMEx3S2VRYXp1clhfbTlCclF1NUhPOTllSG42anhfMndLWEM3amtpTUxQTGMxQlRQS1locG85UWJGM1NYZURTbzVpU2E1QzBjRkxoZ0R2MUhIcUJyRE1EeURMTHpXWVVrLWprYWY0azJYYl9aSk9XQ2tmM1IxN2pNRDhKR2lr?oc=5,Yahoo Finance
1,2026-06-21,Where Will Alphabet Stock Be in 5 Years?,https://news.google.com/rss/articles/CBMiigFBVV95cUxNdk81VnlVc0VyT0k3bDROalZMMFN0c3ExRnUzdkplZkdUM2NkQnlSNUNxQllpZ2x4amdjRzNKVHNGRGJFNWRQM1NQWmhsR1BybGpGX3BmV0pXMEYtZjBzMm9yanJYdFpPQ3VValNLWUJXbFlMN0FBOUxhcThtLU00Y202T1lBZW1laFE?oc=5,The Motley Fool
2,2026-06-21,Berkshire Hathaway's Greg Abel Dumps Amazon and Loads Up on Alphabet. Is It the Better Buy?,https://news.google.com/rss/articles/CBMiogFBVV95cUxNaC1iOG9rU1lEd3hYeWpkd3kzdUUyUDFQLU5FSGZMTWZ6VEpWUWxWNHpRZ0IyVlJGMngxb1BEcDNCcnVWTFlDV2VlSTRfZURVLWxhNWtjdk5FcWxfUzNnMnB5N1phaUU5dmpUTHBXMWJ5YU5sRk9UWFNFLWRLLWR5UmlTVl95dkVaa1RTd1FNVTBoM2dydWM3aUNrSXRpWVBocmc?oc=5,Yahoo Finance
3,2026-06-20,Alphabet: Why I Am Diluting My Largest Position (Rating Downgrade),https://news.google.com/rss/articles/CBMikAFBVV95cUxPeEV5emlXSUd6bnZoR0h6eTNQam5CU0lZYXlKZWlPcXZkNjdyQkJWM3B4akp6XzFBN2w3blp5UExGc1B0bnNKZ1ljVWdzYXAzajF0ejN3WHZBNllHRXpGU2VjcU5iV1E3OFJfaGlPUXBRMzdtblZBbkhiWEx6SThsai00cVY0QS13NnZUbnFRWng?oc=5,Seeking Alpha
4,2026-06-20,Google Losing Top AI Executive Is 'The Most Significant AI Talent Move of the Year.' Is It Time to Sell Alphabet Stock?,https://news.google.com/rss/articles/CBMi8AFBVV95cUxQbmVHang4VjdoVXZ6M25lYkxBTk9YVDJxVVVvY0doZ2x1TkM0N2hlaVIzUi1kSzR3UWVEVkdaRjZSNGREYk9WZGJ6Um0zTjRjYjdXVllDZ0ctZE82ZnZlTEYzUFZYeFVNbDY5VHFob21uWDdWZFJZZVhNd0NuSmRpMEFmem51YU12M01YbUhMQmJTQnM4RXlDTVFJOXBuRU9uMnYzTGtkUEhHTS1QSEVMYnBmM1d6Q2hMc2kxLXgtYjJnaUdxOEM2NVoyZkh4QnM5M1h2TWVFcXd1blFWQVRFeWtWU0x5MmtzdjZVRjNyZHA?oc=5,24/7 Wall St.
5,2026-06-20,"Nvidia or Alphabet: Billionaire Daniel Loeb Scoops Up One AI Stock, Abandons the Other",https://news.google.com/rss/articles/CBMitAFBVV95cUxNLVJleUx4aHVzWVUxd0h0Y3NFdDhDZ3JmTFlMQzh4SUptbGFXSkRNMFFydzU5eldJSmxDNTJpMkdOWEdxRTNBcTdrYjNzeWw1a3NKZEg1NnROWlhPSVM5YlJma1J0cC1fZy1WWWpfMTdBVU5pc0JmX1l6NXZCb0ZLV1JLeE1KcTNmN3BKbC1aTW5fSjBoMWpNMzJGMmJNWTVmY0pNX0s3cTdTSUpqUzJfMEZmOG8?oc=5,TipRanks
6,2026-06-20,Alphabet (GOOGL) Stock After 121% Year Gain Is There Still Value Here,https://news.google.com/rss/articles/CBMiwwFBVV95cUxOYmVjaDRkT2pRM1lJa0xuc2dEZXA2QUJHbm9pOEtLQUpJbmFvUDZrTDZ2NXFfLW1BVDZxY3htaEpZNnBpQXB0QWdUTndBNUtoTHduZ09JWVpaOWNiS1lhcU93NmhWSUhWT0QtYXl0a2U0d3VxajJSaEhMWlZ6N2NJQmRhLUxYUVJkYzBObXVFS2VqbEQ2ZXE0VmMwcWIyUm41a2MybnAzNmlSN1JaNDAtT0s0eUcwTEllTndfNDluXzRDRjDSAcgBQVVfeXFMTTFkY2JFZVFpdVpfUDNhWEhrU3VwLV9ORzJNV0pSSzhSYzVnaWl2Q05HR3lzdFRvTmlVY3lDYzUzOEo0VkVsMlN4em9WQTBQVjdGUFZkUXRFUURaVjV4cWpraTYyVEk2M3pQTkpUUzMxNkx2eHF5MGdlc3dRNUozZlZoUS1zTDZERGpORGxpZDZ6MHhfdi1FZVB0SkNMZlYwY1VUdElvWmJ6YjEzamRIRE5idTltZUZOdXQ5WmFBUkNmR0VRZmdjUjY?oc=5,simplywall.st
7,2026-06-20,This Metric From Google Cloud Proves Its $185 Billion in Capital Spending This Year Is Worth It,https://news.google.com/rss/articles/CBMimAFBVV95cUxPczVqYkF0R3l4Y1VSWUdkT2lfOGNVYnpqeG94TXRUcklVNnlWX19LNG1GbWNtWHdQZjdrcThBTXlFaEpsa0hWWEcxVEZZckZIQWpNT0FtcFQwWmlmOGc1em1hVjE2NThJQ1pNeDQ4WTZrTjZDWVRKRUROQXR3elZaRnlNd21KMjN5VmU0dmhNV0g3dmlJMlczVg?oc=5,The Motley Fool
8,2026-06-20,Key facts: Alphabet starts AI chip unit; merges teams; meets UAE rules,https://news.google.com/rss/articles/CBMiyAFBVV95cUxQWmdid2Q5MjczaktYYWxEWVN4UTZGUXk0S1ppcTMwR2J0ZUdXNXpsenRIWDFjem84U05HaGI1YzZjRmpZY2hEQl9Jc0F5N2Y0SnpfcHBWc19DUlRnQl9VTEdDcmRMYW1KWjJzM3kwaFhnWVZNUm1aUmJDekRhS3pRVHpkeF9USVZ0N29Kc1R1b2h5R19rZFFDWmI4dVBnVVkwUVhFcmF3LUZGbnc2SGFaVlJ5aDd0aWx1M09fQ3ZqRmxkX0p6dmdNSw?oc=5,TradingView
9,2026-06-19,Google Has The Best Problem Money Can’t Quite Buy,https://news.google.com/rss/articles/CBMirwFBVV95cUxPYlVzbERsYkFONlNEWmVDRkp6a2N1LVY3M2lmWTFaVGl6ZkhZLVlWeEdkNWhNY1hHRVUzVnVrV0FSMGtneVlISEtyMFM3MnlhdUlRSjM2dUpfVDNKRDlYZ1JpLVhlSGxYZGZGR0tVX09rd003YWozUEFJai1VNllXdnA4cG5Sb0RPQ01aMXFIMXBLbVc4VzRFTUdVVVBNQWtjRS1LVlhEUDNoUVNBTE1J?oc=5,Trefis
10,2026-06-19,Alphabet: Google Cloud Is Outperforming Azure And AWS; $462 Billion Backlog Requires More AI Investments,https://news.google.com/rss/articles/CBMi0AFBVV95cUxQMkJEejlEUFo5cTl3RTlYWGtJd3MyZk9reHo1YXNxTkxtdUFtWVZMaVR1S0xKT2U2SXd6R082eE5zS0NHNm9mdWd2Q2N5a0p0SWVaTWxIUmpCZ0JmTmlmU0dnZEpjWE9ydWNmMXRmTzJ4V09OT0x4YW1pb28tOTVVUUlPM2p3ckdLX1NwUnZqX0o4NEN2YTdVQkdGLVdsSVI4b1RFRGVKMlA2bWFiemlZR2x6YW9hLURkb0tJcEVfSmZ6WTFncDBBUm5Yc0Q5UXRM?oc=5,Seeking Alpha
11,2026-06-19,Alphabet Stock (GOOGL) Opinions on AI Capital Raise,https://news.google.com/rss/articles/CBMikgFBVV95cUxNSWYyOFFSN25iSjlEc3BnaTBpVTI3MnF4TmJKWHZ0V3l6bEo1SUJQOGNQYV9zVlE2amZwbzlQc3JzMDVvNzZXWjQxdXRXSUQtbnFRSUFoRXFBSk1mYmQ2RG9vdjVNcVpHUUpUTGVtanFXSmdZOGczbFFfcU5aWldIWkpyZ3JtTjdvbHdVcl96MUc5Zw?oc=5,Quiver Quantitative
12,2026-06-19,Here is What to Know Beyond Why Alphabet Inc. (GOOG) is a Trending Stock,https://news.google.com/rss/articles/CBMimAFBVV95cUxQOUpkMU5KY0lKVzgwNTJOd0Q4TGhicFVZbXlmLW9uTzh1SW8tMFBSZVUyd21fUXJ2dTE2MmxmQ2tJTmxrdWRpV2JObURoa0ZQNmRMRTNZQmZnUkRrZjFxaEtXYzJZU3Vyb3Q5V0FmVlhkNTd2blNCdW55N0MwSFVLMUl6U2VVR25ZZlBCNnJwbi13VE5OLTZjaw?oc=5,Yahoo Finance
13,2026-06-19,Prediction: Alphabet Stock Will Outpace the Market in 2026,https://news.google.com/rss/articles/CBMiowFBVV95cUxNU0YtRklLOGMycy1ZS1E3LWRqLUFQejIyR082aC1qQ3lrdkNMU0VtXy15RDk2eGJaWmMyV0RCbkUzR3N3QVJnX0pXRkk1Wk44dEZFeExSdjEzYmw2OVJJaWFLNmhoVnBVUGwwY2lHeFVwUEdLd2ZjdmxRa2Z1TzJwZU9NMm5JTlMySl9TeDFsLUpmYVlremR5S1VRR3BsaXFaZ0x3?oc=5,24/7 Wall St.
14,2026-06-19,The 1 Tech Stock I'd Buy With My Eyes Closed at Today's Prices,https://news.google.com/rss/articles/CBMijAFBVV95cUxOekoxZkh6cTNHb0dydm0zZkdianh2S3loRkU0YzVKNENSQU5tQUpMZlhrTHlqR0FoT0xTSzZ2ZVJLV1hTZ1R4SFBXaFRzUnB3dUctdk0wOFJGQ1M2bzFDLXMwRmVQTURpQmdySVJqSDhsdWFPUW1KVTRWdkRtcFdjVTlaQmVaeGlGYkxOWQ?oc=5,Yahoo Finance
15,2026-06-19,"SpaceX Is the 5th Most Valuable Public Company in the World. Can It Overtake Nvidia, Alphabet, Apple, or Microsoft?",https://news.google.com/rss/articles/CBMinAFBVV95cUxQTFdXYkpEWm84b3VHSDhxbGNXWnozLTcxcWMzZjVPTTlMSWk1QW1hQms0MTBzODVrTXQzcXFYaFhReHIyc19BYzFRZVU1ZndZVWV1MmJLUEJMVXhuajBnM0dVWTVxVzlBTXN2UmlTS1lMeVA5MVRQamM4bHBCMTBSQ251ci1xUGQ1dG81bXVGVS1tUEVyTktSczNGZWM?oc=5,Yahoo Finance
16,2026-06-19,"Why this money manager is buying Agnico Eagle, Nutrien and trimming Alphabet",https://news.google.com/rss/articles/CBMi3gFBVV95cUxNVnBGZ09sRVZJaUFwU0RweFlVS2d3TjY1WlBtZ05BSVlMSm02WW9UWE4zV1RVTUtYTWhZWmRnQlVHTC02dGlvbWx1UTdZUkdBZ0hDZ1VIb004c3NVbGR0anRYQlktcGRPX19XaVhOVUx4YWFISmxJbFdHZWwzUmt2eVZTYU1WQS1KTTB1bUVKNkdDb0NaRzBDZDFiNzJVQVJLRU1IanFJa1c1SlAzSVRGOW5WMnhGQlJsQzVKeS14TTZmWkdSdDVMOGN2YTgtS0N1MzdNVGpVWU56NUdQdXc?oc=5,The Globe and Mail
17,2026-06-19,Alphabet (GOOGL) Addresses Public Concerns Around Self-Driving Cars,https://news.google.com/rss/articles/CBMiowFBVV95cUxNV3VrZ2NVOWlQMEZaQk1jNnNJbUR3dkNrOTIzMGNfUXkxeDNDai1ZV2lwaUNhUDF0NkZIczRyUFdBM2VDamlaZzU4MEx4cmZIWHNWYVVDMmlsY0d4V1BOMHpWV2F0anpYalF5YThaOVYyX3dWTHRaQlBNOWNhY0lkdEY4dkVwaEJsNkFYdWFKVHJVV2hYbVByZ2RHYy1lNVBiQk9n?oc=5,Yahoo Finance
18,2026-06-18,"Alphabet, Visa Among Companies Signaling Heightened AI Oversight",https://news.google.com/rss/articles/CBMingFBVV95cUxPMWU5RGk2T3B4QmlNdlBEdXJ1RVVjUmFEMU1VWG5oTWhhTzVqVjBRd3VfSEt2Y0lBX0RoTzhJZTh3Q2REOGkzcU1fNDh4RXQ2VUxxelllNmdzcXFDTVhKTHd2cmFvY0VfaXlTMkJJbGtlWWdJbkF0cVA2NXZncmZMbGFCQy1UNnhwYkNGUGtvMGc5d25Bc1YwQk01b3c4QQ?oc=5,Bloomberg Law News
19,2026-06-18,Waymo Has a Tesla-Like Recall. What It Means for Alphabet Stock.,https://news.google.com/rss/articles/CBMigAFBVV95cUxOZGwwaVdwVWdXNjVKSl9icUZXQnBHN25TcmpnX1VwTU5zZnVLZ0NpUEszQ3BwXzRuYzF1SWs0QVBTOEd6c1JKWkZfZGtrMS1XLUdkVkZlcXEzNU5jcmdVQVBjNmxDcjA2YWg0dHBWT0N5WkFjOHY1bHZBZ19BTDhLUA?oc=5,Barron's
20,2026-06-18,"Alphabet (GOOGL) Loses Gemini Leader As Waymo Recalls 3,900 Robo Taxis",https://news.google.com/rss/articles/CBMiwwFBVV95cUxQd2RMaUxMMndha0tiY2lySHZHcjVGdTRPbmZoOU5PTmh5S2NWX3lTT0dqcmMtMnRadWZ5YXhvRVllS2RlYnU2VmxYckFad25PTzlIbGoxaEZFRHdKU2dNbkJFbUVjSld3YmluWmNxUTBUOXp4MjMtM3V3aHk4Vlc1X1VvSXgxQmtvelctd20wWGFhbDB2UkpQTzdNSlJUbm5vcDhRNXdUa2FNeE0yZ3B0V1R6WndSUTVxcFU1NnpXcm8zZ3PSAcgBQVVfeXFMUEZZVzliYlZON3dZcTlqVW82VEVQeDhoNmk3Q0FWRHJGa0tDS2o0M3VqNmg5QlZ3RXFmbHVFa1pBV19rTmJHSzdMRVJuRkkzeVExTUpQTVd3bGpzekF2cUJQT2RrcDBhZW9EYkJyOHY1aGxINTNJNUFEbW1HTHBPTVZnWFF6T3R4Umg5RFBrM3lWQzhUSG53TU9SUG9mU09IOGI4T3FRcC1ya0xkM0hmM0g1NWVrN2JfYWF4OEZSTjltT3RDcl83Q2c?oc=5,simplywall.st
21,2026-06-18,"Top Research Reports for Alphabet, Broadcom & Johnson & Johnson",https://news.google.com/rss/articles/CBMipgFBVV95cUxPLXRfaEJnTG1wUHRfS08zS3hlNHVkaGZqYzY3RHBuUUlwZmQ2ZHpCX3JBd0hIVHVHckx5Qk11QUFHUWRpMy1hVkIyQlVsSTNLbl9BeHlxZFlqeXVEUjh5akRtUFUwM0Y0Z0IzSldGbzc3UHZ2d1hmbEo2aWYtNmVsR2ZEcmg5UTB5LXBsdmtKRHEySDRRVnJKU0R2dWtpaDQyamktaUhn?oc=5,Zacks Investment Research
22,2026-06-18,"SpaceX Joins Nvidia, Alphabet, Apple, Microsoft, Amazon, and Taiwan Semiconductor in the $2 Trillion Club. But Will It Last?",https://news.google.com/rss/articles/CBMioAFBVV95cUxPZ1NSSTZhWmNrM3E3MVhPbDdiOXJXRUJub2pPaEt3eFJheVpPYnprNWtTTU82TUFpemh1cDBST0xsRUoxcC1tTm9SaFc2Yk80V3ItUUFTTnExU0JZbktfN1NTUHA0bGxXQmo1M1QzekxlbmJVdVBnYUZrb3R6TUxaMWtVQ1ZTRGZTVXRONUtJeGdVSWJaQjZlM05YOWRHLVhz?oc=5,Yahoo Finance
23,2026-06-18,Warren Buffett Just Tripled Down on the Stock Bill Ackman Is Selling,https://news.google.com/rss/articles/CBMisgFBVV95cUxPWEp5MkxHUTZCWUU4c3kxcldzRnFua29XTGVmVDBNc0Z2QWZDelpmOElzNjBuU0pVRVY5ZDlvR0ptT1NaVG1nWmtEZTVNdjNSbTJNYnhZb19TeWptVy1MdXFuR1h4V2VXTkNsWVlrUFo1ZFhQZ0E2TzJVcVZmQUtQZHB3a2wxemE3U1pMeHFGLV9pVEJsa3p3bzlMTEpSbmduTDJoOFJRN0VvMExjVGQ4V0JR?oc=5,24/7 Wall St.
24,2026-06-18,"Alphabet Stock Slips as Waymo Recalls Nearly 3,900 Robotaxis",https://news.google.com/rss/articles/CBMinwFBVV95cUxPcVBWVzBLcnpKVVVQQW05VGwzd0xhbzM4NlpkMDJPY29DbGdKUUVad3NraEkxeTVWazdDVGpSZklfdldrMk9HREdEeHdZcHNVZXAyYXM3NFVBSzBxSHFCSXBEOUxMeHl0SWRBNDNXSG9ZV0hienUtNkIycTNSRWhxNjc3clNhSjFzdVRZWmpEa3Y4UEk1bDhsRlBtbHhBVHc?oc=5,GuruFocus
25,2026-06-18,Alphabet vs. Meta: One AI Advertising Giant Has 40% More Upside,https://news.google.com/rss/articles/CBMipwFBVV95cUxQRjVhWTFqSjBmbnl5ZzMtVTdTd1Q3cDY2djJ1dDdlaGxOSlo5U0dvNU1FWVVlY3JJNGl2a0JXU2FPMFBCY1E5eWdXdWpXNTg0QVktNTFmYWFLbWlpVE9FRWN5UWhiTTQtZENfV1ZKWTJzc084dE9Ed0ZjLXhUaGlZd0pVRl9PQTgyTC1ZTFBLRWgwWmdpQlo4dVk1N0tSZXdYR2NuNi1XOA?oc=5,24/7 Wall St.
26,2026-06-18,How Does Alphabet Inc (GOOGL)’s Metaverse Push Look Like?,https://news.google.com/rss/articles/CBMingFBVV95cUxQUEUwYkQzOFhPUFduRURQcmJnNTlEakxsWGpHZVdRekgwRk16YlFYTFNScVVHT1UwQ0xWSmxlc1M4S1dESXg2RUs5WFpJNzdEYmV0SUpFYkVtalFiRTUxWERRblhNYmdzb0JkU2E5cmVhZUVNMUdNTzRTQk4wTzZWYi1NR0dEUW93VlBkcENvMWpQbjlWRUNCaFR1U2YwQQ?oc=5,Yahoo Finance
27,2026-06-18,Why Alphabet Raised $84.75 Billion In Stock For Its AI Build-Out,https://news.google.com/rss/articles/CBMitwFBVV95cUxQQWFMR1JRR21raldxamliNlBUeFNzRHFoMnV2MFFCR184aXZVZGNEMUg0RDNmVFo3M01FRkl4d3hsOXJYNVFiWmw1NVNmOG9PZ0M0QUN3eHlOLVF2VnQ0aGNja2htV3g2YWNubjRwT2Fzd21yajB6UVBOQ0pjdTk2bkZwZDIwaktFaDFPb0RqX2lyTkhGNnZ6NWNVZDE1alVqVlV1UDQ3aVFQSlA3dDZYZkxwQ2NySWs?oc=5,Forbes
28,2026-06-18,Alphabet (GOOGL) Faces Waymo Recall And Gemini Leadership Exit,https://news.google.com/rss/articles/CBMingFBVV95cUxNNWstamxxem1pUFpxTXNkQmFwVjRJM0tqamVFbGRuOEFVa1VkV0hSZkJaVnlTdGlSNXQ0Z2lvazBBX0c0blptd0RIQ2lyb0F1akt4Y09kQkNIMGhGVDlVUkhKRjZfNGlZWC1sMzduMllJUnVDQkRYb1ExOEh4cUhtajNVNXdVQWRjN0ZfSHo5dFUzazM0WUdXQmxvVjc4Zw?oc=5,Yahoo Finance
29,2026-06-18,Cramer’s Mad Dash: Alphabet,https://news.google.com/rss/articles/CBMieEFVX3lxTE0yOHIzLUpYM1BKODMtdUY3Z0ZGWjJ0S29HYmsyTHZsTi1xRVNUaHBCdTdmZVJJVk8zWmlKcElfYWdIZkt3LXFCMnVWRkliR0RkekJyRnZzTXplWnZJQWY4VTR0ZTRxeHBPUUlFNXRiZkVMaVp1bEhPVQ?oc=5,CNBC
30,2026-06-18,Google’s AI Superstar Is Joining OpenAI. Alphabet Stock Is Doing Just Fine.,https://news.google.com/rss/articles/CBMif0FVX3lxTFBodWRzU1ZFM05tczBQZ0lDQU45Qy1CNTl5R2NiTkN0V1BEN1JIV3VzRC1WREdDbV9nVWFET2RFN3JFaGl0bHBmMkw5QlV3RjlQVk9uOVZVOGgxWV9aaXNpbGdteDJoTDV3QnNSQURTOXVEclBvVHF5S2VHREVKN0E?oc=5,Barron's
31,2026-06-18,Forget SpaceX. Alphabet Just Beat Earnings by 94% and Doubled Its Cloud Backlog to $460 Billion,https://news.google.com/rss/articles/CBMi0gFBVV95cUxObWprTXVmTVVudjI2SU4yMEI0TW1KbThkSDdSS3IwN1FLZGM2a1hHNHlEOExJai1jSmtkdFlxMjB1a3F1R0hhbUljRHJ0ZWZJT1lOTjEwWUU5eTB5eDRmRjlpdGFZTEJJc05rSDlfN2xEaEpVSmsyeko4ekxtMVJoNXp2Y3RJbzctOTBNamtJNkltR2syS1NjTFVpd1VqaHNvRFVrZWFPMUtUeHREcW9DMkhTYWcxWUEyMGFudFBWLUloaWtXcWVNTE91ZHlDaGZzR2c?oc=5,24/7 Wall St.
32,2026-06-17,Is Alphabet (GOOGL) The Best AI Stock in Billionaire Dan Loeb’s Portfolio?,https://news.google.com/rss/articles/CBMilwFBVV95cUxOdDhGWlkyVzJUZUl3WFpWa29qQk1DMEthWmFGaEZtYVZCMEZKRkhMOU9lU2EwQXJjRWNFbVpTQVhMdWJzeVpsN0ZyREowbHA2UjhxZVpzSEExMjZ4a0FpVFRFSjZGTUtjSDdZZVpjM0JUc3l5NmRvQ2ZIWC0wTmZLRk8zY2p4ZHJmcmYxVEJRUTByYWRsRFpB?oc=5,Yahoo Finance
33,2026-06-17,"Alphabet Drops 6% in a Month: Buy, Sell, or Hold the GOOGL Stock?",https://news.google.com/rss/articles/CBMiowFBVV95cUxQSVV5MjV0ak15em1xUC1TdW5yMGg5NkV0R3J6SHl0dFJFRDNzQWlwSE80cjhGTm42cjJvc21vRFJESDQzSHZ0OVVXMS1LeGlCcndlSWY1MDZYQ3VPLXppVXBWZ0JrWE9XY0V3dDB0Qy04WGhxbHAyZ1ozWnh2SDg3a3E0ZFB1NVVzNVNZQTdDWHE0LUtYekFiU3IxSlprWGRIUTVF?oc=5,Yahoo Finance
34,2026-06-17,How Berkshire’s Bold Alphabet AI Bet Under Greg Abel Will Impact Berkshire Hathaway (BRK.A) Investors,https://news.google.com/rss/articles/CBMi5AFBVV95cUxPVkFRNU1vTHk3a2Q5REk5eGdxd09lb0gyR2dRekVTRGktMk5zVW16NzZPRnhGUUJrMFZrbGpQWkRsUkx4Qnc3REh1Yk8tM3drTy1reGFhTVY2bU1CTjcyWmdOdnhFM1o2OEU5NlduS05oNUM1czdzSmVSZVZ1NzQ1OV9EZHBGaElRQjlzdTZUOW9PX0c1bEdpSUl1SEVyM1FVS1ZxaTZPR1d2YjFrbTBsTUo4MWJtQ21QZGJsd2dSWl9vNHUyWkpJNmQ3WFpackkyMlZsU2wtOHVUNWVnbS11ZENoR1jSAeoBQVVfeXFMUF9maDFNTl9QN3NqMHdseW5KRnJFbHZ1RHYydnd4N09sRTZ6VHlLOWNYTm5Eam1TWHBxQ2dmT3BvQW5vdXNSNW11SVl1XzlyWWJrZzNwak1TcklYd3ItalZyZURXVmtsX2dHQWk5M3ZpcGM0NGZSMmZmQXNWMzVUQkpXbWZFb1BfRmdmQ01PNjcwWmVDZkpIVHptVHBKTEt1eV9JczRjUTRGYjRSbFhUdzJIalNQWE9ZQzNId2NfV3U0NWNlUGNPODFCOXBKT3lGdU1ldURFQ0gwRHVaUmhrY1V5bmR4UWdtR1lB?oc=5,simplywall.st
35,2026-06-17,Uncle Sam bets $500M that Alphabet spinoff's AI can dig up new semiconductor materials,https://news.google.com/rss/articles/CBMi1gFBVV95cUxQSlp1dnEzVVoxbHlSOGtQNFNyN292REdMdXV4OFZ3T1k4X3IxcXUtOXFqR0JPNWNuVmI1UlVZT2RGSUtlTVdVQ2pObm1oSVdXdUNDOGxxU3pqcE5UbEtMTE42eG01Y0Y2MGpqM1VsM1owQldOYTNtT1FWT1JpbFRSTkFRdEg3cGwyR25VUmtvQTJyNU9qc1htWHNua3hzdEdCcGQzcUlmNGRyN3BVOF85N2ZfTkMxaDdiNlFaNTJQOWs0bkwwVGc1Ti1RZHJuQnpXYTJ5Y0ln?oc=5,The Register
36,2026-06-16,Alphabet: Still A Big Tech Pick To 'Buy' Now (NASDAQ:GOOGL),https://news.google.com/rss/articles/CBMiigFBVV95cUxOWlkxSEJ6akdfdXhzNlo5SjIzNURzU1pSaTdVN0l3VmxrLXBtcl9vc2VtbE4yTlpNTXNWM2M1NHZQRUtKc2RlUGFNdV90RjZ0RkR6YTF5ZEhmNEk4dGFIZGc1dHNtOV9wdWJHVVI2UkpMQ0ZSRURPNEp0VnlJeVNyMnlSYXAzdUx1WUE?oc=5,Seeking Alpha
37,2026-06-16,Nvidia vs. Alphabet: Which Is the Better AI Chip Stock to Own for the Next 5 Years?,https://news.google.com/rss/articles/CBMilwFBVV95cUxPQ0ZBQ3YzY2NiN0JIWXZFa1d1MHpYMnAxbHhJNDdJQ2h5QWlEbkU3LWhiaDZMNGltME1HOHdHbVQwLWFtbnFsYXFtWlItT3VrOVlyWnhRd09FbVBmSUtSVVhfSHZPQTNSbFE0Qmh3a3MwRW5vbmxHQ21qcTBQMkNRRndiVW1TTU0wOElncklaRVowWkhtYWNn?oc=5,Yahoo Finance
38,2026-06-16,Adobe Stock Meets Alphabet And Wolfspeed In This AI Trifecta,https://news.google.com/rss/articles/CBMiwgFBVV95cUxOWmhqYlhlWHlldW9yQTZvNmE4WWRHcHlmNkZuSm9iaHhuTElBVEhwV2ZZeVM3QTQ5Z2VFQ0RscjRuSmRzR3I0Yl9jbEMxSVJTb3A1RXI4LU9yODNvb25EWmlvZ21MM0ctcW5RSUgxYmtMM2dhcEk2b0tIRHRWODlVNG9DNHJObVNfSjQzcDNMQ0F3aE1nNmtoZ0pqZWRUaGZKRnJMcGJ3SWMySzdqNDNGUEhpRWt4X0NaWnNBTWNqUnhSUdIBxwFBVV95cUxOT3RUUWM0NUhXbnFNY1hLWjVkcmJKd2s5N215Ymsxc1ZiYTJPNGhRQ0RqUWxBeVZhdGsyMGF6Nk4xcklRTEpkMEQ0Rk85STJwT3VfT3dlU0xQNms4cGtwZlBwbXp5SE5JZFVFTFAzR29ybzFQdFo3dE9kQS1iaG45eWc5N1c5bHU3Y2tCNHNjTkdENnNqcDJzQ3U0WHdHaUtJd2czalpKcDlCVVAtM2RrZHhjZjFENmY5MFhfR3JlUlZUSkNEQjIw?oc=5,simplywall.st
39,2026-06-16,"New Mid-Rise Residential Buildings Nearing Completion in Alphabet City, Manhattan",https://news.google.com/rss/articles/CBMiugFBVV95cUxPN0FLbDI3cmpGTGx6SXVobklJQkc0c1dBSzVXSlhEVWNyenVvRXMzWFJwbHFjeWFzYzRMTFVUSVBQSTlTWU9CYUZ5RVpJYWVxTjVQVE84TGJZVFFPOThYdzFNSjhmOXdlUEp3QV9UZmRfTFIyWUZnY3dLeWlrVVBLRHZVVVV2YWhjUl9ZRVhMUXlKVXFIcU9KRHZVSTZsR01faW95clVDMGFhbjBvSEZXN0NOZkNVLTlpV0E?oc=5,New York YIMBY
40,2026-06-16,"You Can Now Invest in Alphabet With a 6% Dividend Yield, but There's a Catch",https://news.google.com/rss/articles/CBMilgFBVV95cUxNWUxrNWFWWFpBd0E2NmdhcjlfbmxfQ3F0dmQtdmgyTmtlQTdmNnhZVE11cEFpVGNGWXp6Y2duTmRDY1FIeEpMZU1yUXlnVW5XNTVuSm1QU3lHUmVKY2JZWW1adVhpUTFqOEdxaTFZcHJQN1lySGRyX21YZVJvVkFrZFRsa3MyR0xFZXktbkVfQm51bUdyM1E?oc=5,The Motley Fool
41,2026-06-15,"What's Going On With Alphabet Stock Monday? - Alphabet (NASDAQ:GOOG), Alphabet (NASDAQ:GOOGL)",https://news.google.com/rss/articles/CBMipwFBVV95cUxNYjl2Tm4wSk5DQV9Nc1MzR2FWdXhnRkVLTnZQcjUxdUhwOEVEOEp1Y1VDT3NrZWFhM19RQnVpQXU1TktzRGd4U0xjT0ZJcDFBLTltWXJXc0c4WVpDNGhWNWRvdVRuY3dKT2tQM0sydjJaSmUxbFpTc2FMWEhZX3BQVHpLbTBncFNNV2NmbXkycXNfSGpNejFzR2FCZ3hSbUIzMlJGY2h2RQ?oc=5,Benzinga
42,2026-06-15,"In Speech To Stanford Grads, Alphabet CEO Sundar Pichai Doesn’t Mention AI",https://news.google.com/rss/articles/CBMi1AFBVV95cUxOdmhyU3pwSElsalFPbktRbE1aaXFqbk5SbHp6WlR0eWlhaGRhMndXRjJPQi11SndwNWxvZ2hKZkNacGl2WTYxMFR6RGhZSHZxNjJMNmRUdVJ3OFBpUG5PRFFNSTltSEhlbjg3UnF6ZlR6STdrdGZXSkt2UEVtaGoyTnl1UFFVWHNMSnVxZU5WM1YxTFFDZGd1akpXcldqRVJSSjdfdnJjSkp4WGhuQ0MwYzFQaFVldmpkSjF1WWFjU2staU1LWHAzMjRDNmZ3Zk9sbjFyUA?oc=5,Forbes
43,2026-06-14,Alphabet Ties Search AI And Mobility Closer To Revenue Potential,https://news.google.com/rss/articles/CBMingFBVV95cUxPZTVpU09qLUtfYUNzSlJ1cXRIN1E1aERTOXFHMjBtREt0NzdwN2FOQ3k2dDBtZEx4dWZzTWl6eE9DbXdLX2hJUmRVWUhuVEpGT0hlbGFPSl8wUHllUUt3RU5DdVNoSE5pODEzSU43c2xpcmtUNWI2MDJ4RDhCSTVOdzN6bXVwUlNqUVFTeEZCS3Eyd1gta1o2Wm5yWGptQQ?oc=5,Yahoo Finance
44,2026-06-13,Alphabet: Buckle Up For What's Coming (NASDAQ:GOOG),https://news.google.com/rss/articles/CBMiggFBVV95cUxOWHZfekxzc1YtZ0xtZXFqcjJUQk9ScU9NV2pnODdhd09DSU1DekxUOGpmQ0ZrZWpQcEhuRjBuSXFEUmRQM1AzMFlZZ200XzZpam1vd2tyTHhtbksyZ2YyOFFqVTQ4Smc4TC1zNzAtd2IyeWJiZFZpZUxLV1lkSEt1RXBR?oc=5,Seeking Alpha
45,2026-06-13,Alphabet (GOOGL) Places An Order With Intel To Manufacture More Than Three Million Tensor Processing Units In 2028,https://news.google.com/rss/articles/CBMinwFBVV95cUxOWmdvVFpmcFVJQnBNUHRuZWdLRUpaOUxvVXpIYndIZ2IzTEtNaUtWQ3NaSmU4TDBvRlFMTnlkNnZxZDdlX3l3LVd4S2h3OTl0N2o5Zi1LVjNoZFpnUm5QTnlVRmpfRko4LW15Y053c2dZd3JZSzRoVDN4YnpwZFZTYjl5bjFBNWpMcWgtVlBuSnk3N1NWSVMyeW54ajhESDg?oc=5,Yahoo Finance
46,2026-06-13,Alphabet’s New SpaceX Exposure Adds A Fresh Dimension To Its Story,https://news.google.com/rss/articles/CBMiogFBVV95cUxOZjVhdG9pcGMxRWVBU2NYdEsyVllEMzJ2eXBUTUMyZGhjYmg2M2M4aVdTU3lGcFBJM2Z0YVRBV1pfazVkR1owOXREVjlsNm45NURNMDZhWUVLVFI5NER0VW01VGE2d0RMZm1rMXFPRUhYVmdweGdsdXVzSTkwTC1UOGlIZzlvQWZqWlpmeS1rcXJUdnd6YlEwUWhyWVlyNjBZUkE?oc=5,Yahoo Finance
47,2026-06-13,The Origin of the Latin Alphabet,https://news.google.com/rss/articles/CBMiiAFBVV95cUxNTERPdXZDekcwMEVabjZvQjRPckN4c01DWXhKRzBaY0lFSXQ0amxKVS02eEhwekJlNGltT2NBcWRFSGhPM1lRUkZicVNpaElXQ200cEVxOEl6U2hGRGViZGNXN0lqRGhMSDNfM3Y1VjlqUGNDT0VuZWY4WnB4RTd3TXA4Y2xycjM3?oc=5,Britannica
48,2026-06-11,Could Alphabet Be the Best Way to Buy SpaceX and Anthropic Before Their IPOs?,https://news.google.com/rss/articles/CBMimAFBVV95cUxPS1AyLW9nTHVYd0RuUUxUVG1WVzFSVkVvY2ZMOXhTWTktMm84VVNGY2xTMHVkRE8wbF9wYllfeVZ4UTVwaDRZbUU1eGJDTURGdGJEZnp1XzR2MzRLWkotQUhwVGRjWmJhVDgwS3JpQ2E0WFpwc3RjVUZqWU5YRThaTFEzcnN4RlhIaXJXTkNWZ0V5Sy1XUnY0Tg?oc=5,The Motley Fool
49,2026-06-09,Alphabet Convertible Preferred Offers 6% Yield and Upside With Common Stock,https://news.google.com/rss/articles/CBMitwFBVV95cUxOaG1uZVpsbDJfZmpCakZQbkZTd3J5bk5IOEhZOEVYUEV3ZDJHSzJ1elVHeF85aklrTUR1LVlLMFlVT0ktNDJ0MXdmS2RTbGlTWWU0Q2FTUGt6SGRPR1FBYXpsS3RZdGJtYUtjdEdQR24ybWJySElaSDFQRktxdTNMQ0pUREJ4el9ZMTFiLXR2NTBfdVlnUFlVak9TOGNraVlMMGdXcXZ0ai1yNU5CemlEQmstMDNXSTA?oc=5,Barron's
50,2026-06-08,"Alphabet taps Intel to make three million in-house chips, The Information reports",https://news.google.com/rss/articles/CBMiugFBVV95cUxOZmR2dkxzTTRVc2F2MzdYOFR2MzVPSXdkWm9NSlBGdkQ1b05uZ3VzRVFzcVEtRXhQZUc4WVhkMmRhcngzNGNWUDBLSGNLSHZoN0U5b1FDd2hKR0t3dTdlak1RMnNVU25UdEx4YnpwbHJTaGo3NndhNVltT3NmaF8wYTFjdTFjTkdDN1VYeUx3akNNUlVzVjAwSWNIVDZidFJ4dXBhVEw2enYyZUxyN0JqV3FKZW91am1EeHc?oc=5,Reuters
51,2026-06-07,Alphabet Weighs SpaceX AI Deal And $85b Raise Against Valuation Concerns,https://news.google.com/rss/articles/CBMimwFBVV95cUxNWUo3SWJyRzg5Yi04RmdFS3dJa2lfdWljaWFIS1c0M0ZPZzU1MEJGYnY0NUZwTFI5eGtKNWhwdElVSGtnLVk1N0lUd1dMN01VVlk2ejdLRDRwOXJPeHNYQlpkOEpfdHFJenZCdkVCd1hyalhpUnFuMnNzbTY5TmJwUzREdm5mUVVya0psdm5PcVVfSmU4algxMlU2MA?oc=5,Yahoo Finance
52,2026-06-05,Alphabet is seeking fresh capital as stock's 4-week losing streak tests investor appetite,https://news.google.com/rss/articles/CBMiekFVX3lxTE5uUEpZQmxEOGJ2M0c0TlBNZnpfb1lIclQzN2JZNTAzcUZkSFdUbnJ5WldqOGR6YUtiU3U0cWZ6amI1RzRMYU1rbjNxTXRsWE5lWHhYaEIyQU5zTXJzZXktX0FHUFBYU210VGFSNWJoeWM3UnNKNlM3OThn0gF_QVVfeXFMUE1oSnV0eTJiTUZyS1BMUTRDYXJQNGczbUVjVGJXZl84R2Y0Sjk5WS00M29TZ3N1dGdfSk9BM0ZkLWUwVUZxdE1nWjdMcEttak9ENDM2VzJxallFMnNoNHNoQnVydEdBVy1iX25OaWd2U2Zsb2MyNjZsaUlQeUNpTQ?oc=5,CNBC
53,2026-06-04,"In Wake of Meta Layoffs, Alphabet Workers Union-CWA Calls on Tech Workers to Get Organized",https://news.google.com/rss/articles/CBMipwFBVV95cUxPdldqRWJDRVJIYUozdHJVMW1rN29oZHFhRHpfWW42R3Zma2dpY2RVb3JIc3A3ZVYxWVhJbVVaLWJHUmFtNkc2dURhLTl2czk4NUJrX3NDby02c2trMG1HbFdLSm41U0tLaW1tTGxiOXI1eHZxak5TVnpySDBNUkFWYW1Nbng0ZU9lNWNCUjNsNFRUb0pkOXNxbnp2Z1lhRXZ0QmtZSThCQQ?oc=5,Communications Workers of America Union (CWA)
54,2026-06-04,Funding as the New AI Bottleneck: What Alphabet’s Move Reveals,https://news.google.com/rss/articles/CBMi2AFBVV95cUxPbTZDbkI5UkxkTnNybHlFQXQ3RDhTZzAyZEFsMGNvaWdoZjB3Q25DcmtXSzU3eVlmTHNPRzBPLW5RY2tpMzZHaFgtUFRheE9GYXlUa0VCUUZqNmFZaS05X20ybTRxZWxfVE5GM0FnakRQQlNkeWJqTDRWQ0M5bHhucnZSRjA2c3JKUnVkYVA2emxaNzRybExaY1pua2VRMEVaVy0xWXltYTZ6alVZWHowNVZkMnlMWnZSaExFSHQzV1F2S3VjMERtRFh5R2ZqQ2MwUEljUkE3Y00?oc=5,AllianceBernstein
55,2026-06-03,"Alphabet Stock Offers Exposure To SpaceX, Anthropic Before IPOs: What That Means For Investors",https://news.google.com/rss/articles/CBMipAFBVV95cUxPR1pEWERUUy1GMk1OcEJJNWpxWFdmR3l1SC1yd0ZFOUVlUUMzblF4OEx1RnpNS2dLSEduT1k4cVQtVkw1RWtENkx2MDFKVUFzSmo0cU04TC0xX1ZfSDY0UzVHdEU5X1lOc0wtbXRKSllCNVd1RmlSUDRXNHNhOWVwRHRoTExxcTdMd0hYanFxblVYZkp4NFFOWE5DWmpqbF9laVdEYw?oc=5,Yahoo Finance
56,2026-06-03,Alphabet’s Convertible Preferred Deal Is Biggest Ever,https://news.google.com/rss/articles/CBMiiAFBVV95cUxNMEpIOW5FNnVqRzBYT0I1RkE3N3ZQcHlVM0pnV1FwMlVDYWlSN3ZKSVVTejB6MmJmcjFvVm1sTTRCcTBERDBjX2NQUnFpb3hwUFJWR09DcW1nd2VkWmdOa1ktNlB1czV5VHk5UDZqaEQ5bGdGNG1yREV6MGd4U211cUpQcm1zTTBf?oc=5,Barron's
57,2026-06-03,Alphabet’s $80 billion stock sale shows how expensive AI is getting: Chart of the Day,https://news.google.com/rss/articles/CBMi1gFBVV95cUxOMnVzMUVkOGpNNUpEX21yU0gxY2dyQklCZVlXOE83MkdJVnMwSk1YaFNoZDkybDFqRGtuVzlxTHVBQXllTzQ0MVdGM25ibVdWUEphUTBTWjlNWGczdEVpWlRPVVNQbzVKQ2ZBWVAwY3VBX0xhN25LbXhQOFgtSHg4Z0NwVVB0VmJVTXljZE1TTzZWVERZWTVZZzM5c0RYOUhMYUFEdmdUcDdzNTlXUTRqTkdZUHZZWHhoUWVnazJNb1Rkd01YYlpaeFEwcHpRbFVTYVVBNGJ3?oc=5,Yahoo Finance
58,2026-06-03,"Alphabet's $80 billion stock sale leaves Wall Street in 'unprecedented territory,' says Goldman's Gutman",https://news.google.com/rss/articles/CBMijgFBVV95cUxNbXh2dVExQzhUVi1MUTlHaW5oN2toNHppV0NYQ1VneENVVW91Rk5wcFNmWUNsQ093MWY1dVpzaUh1Y2NNMlhPaWphcmNXOTRUM3AyZGFBNkNYa0M3SDUweTkyOFVCaVVhS0xGOThhNW9wYmVQYmJ0aHBmaUs0ZWtzTWlORjR3ZFRzMmIwT2J30gGTAUFVX3lxTFB6MVVLUUgwQzM2RTg5RzBKMFg5dDNYT2g0cUJlN01ubjA4ekluQ1ZJMjVXdHhHTy0tbjdMTzBfTEt4dUpuOUhnZzNiS1pZNlh0SDdHLWxnSTQ4eVBwd0FtbHZyamZNbG9oY18xYU9wY1lnSlNjczNnOHB3NExOWDJ3RGxpTFkxSFE3RFZad25TODRxSQ?oc=5,CNBC
59,2026-06-03,Alphabet to raise $84.75 billion in upsized equity offering to fund AI ambitions,https://news.google.com/rss/articles/CBMiwwFBVV95cUxPdmpkczl1MS0xdHp6WmRHZ2ZRa1J3TkJCeG9majZxZnJLREVzcUpSaDNLbS02aV85TXJUZFBfN0JNOXo5d0Z4dUphZS1TZl9MU1JqQWxTYk8yU1ZXYndtRkEzaXp6d0JTNU5oSERUVURaNUk1MUZfTXMwaHhkMWV1VjBnSUFXLWlIdGE3anNLYWZiT2dLMmxPMVNST2wxZmF0NVJMdG16U0dRc2VFNFFZTC0yZGE1c2xTVWxqVVl1NmFDZVU?oc=5,Reuters
