,date,title,url,domain
0,2026-06-20,Alphabet: Why I Am Diluting My Largest Position (Rating Downgrade),https://news.google.com/rss/articles/CBMikAFBVV95cUxPeEV5emlXSUd6bnZoR0h6eTNQam5CU0lZYXlKZWlPcXZkNjdyQkJWM3B4akp6XzFBN2w3blp5UExGc1B0bnNKZ1ljVWdzYXAzajF0ejN3WHZBNllHRXpGU2VjcU5iV1E3OFJfaGlPUXBRMzdtblZBbkhiWEx6SThsai00cVY0QS13NnZUbnFRWng?oc=5,Seeking Alpha
1,2026-06-20,Patriotic Pups/Bikes and Alphabet Street Residents Needed for July 4th Parade,https://news.google.com/rss/articles/CBMitAFBVV95cUxPZlZDdEVXN3FGVjBLNzFja082LU9TdUpiajZTVk1ZUmJ5d0E5V0t3ZFNRcFJIcHE4dVBoMmg3aXQtcDFvdjJscmJZdmlBTjZ6WFhNNnZuZWdBekJxdTdYN2s3QXNMZzl4TEkzTnBzR3dKN0NVN01qU1lRMlRrSGlOalozS3kwUXdaQUg1cERDamVKcjgxd2RDckVESlF0OGtaUmduMUdaa0RUQXI1ZmZFZ1Bvblo?oc=5,Circling The News
2,2026-06-20,There is more to Alphabet than Google search – what it means for investors,https://news.google.com/rss/articles/CBMiiwFBVV95cUxNbExJbUlhUUViQnV2OHlNZnBjYzAzOHAwWnpfeDZPTDJRc29TSWpVM2hYb2F3UzZhX284Zk5NUnFKcDdXbi1qakMxblFCQ3BQcmZsdGREckFVXzNkdWphOWN5TDN4QmNlTWhEUzN2cHdFdFFrc3lVdGpsdU1vcGZTSFBLMkJPN0lhb3VJ?oc=5,MoneyWeek
3,2026-06-20,Key facts: Alphabet starts AI chip unit; merges teams; meets UAE rules,https://news.google.com/rss/articles/CBMiyAFBVV95cUxQWmdid2Q5MjczaktYYWxEWVN4UTZGUXk0S1ppcTMwR2J0ZUdXNXpsenRIWDFjem84U05HaGI1YzZjRmpZY2hEQl9Jc0F5N2Y0SnpfcHBWc19DUlRnQl9VTEdDcmRMYW1KWjJzM3kwaFhnWVZNUm1aUmJDekRhS3pRVHpkeF9USVZ0N29Kc1R1b2h5R19rZFFDWmI4dVBnVVkwUVhFcmF3LUZGbnc2SGFaVlJ5aDd0aWx1M09fQ3ZqRmxkX0p6dmdNSw?oc=5,TradingView
4,2026-06-19,Jim Cramer Calls Noam Shazeer’s Jump to OpenAI a ‘Coup’ as the AI Talent War Heats Up,https://news.google.com/rss/articles/CBMixAFBVV95cUxNQ3VvekFsT2FSVW5lbnZVNFFOU3puZE5pQ1F1OFphV3N6TkdvNU9zMFplNTItbElzcWtiS084WTBuX1B6WHdOQk5oSnVZZ2tTV0EtUG9GMVVTdFF0ekx5SnozaVE5aW5kSEVJb0ZVZnRGeWszRHphYjhIaVRQa3FONE1ORmtXek1sMmpxVVBKZ3dtbWVicDJHZFVRaHBmWjBvcXFUNTRvcXNiLTRwSlJFb2lta3RxaVM3Nmg2ei1nY2JKd1ZY?oc=5,24/7 Wall St.
5,2026-06-19,Alphabet (GOOGL) Addresses Public Concerns Around Self-Driving Cars,https://news.google.com/rss/articles/CBMiowFBVV95cUxNV3VrZ2NVOWlQMEZaQk1jNnNJbUR3dkNrOTIzMGNfUXkxeDNDai1ZV2lwaUNhUDF0NkZIczRyUFdBM2VDamlaZzU4MEx4cmZIWHNWYVVDMmlsY0d4V1BOMHpWV2F0anpYalF5YThaOVYyX3dWTHRaQlBNOWNhY0lkdEY4dkVwaEJsNkFYdWFKVHJVV2hYbVByZ2RHYy1lNVBiQk9n?oc=5,Yahoo Finance
6,2026-06-19,Remember Alphabet? Why Polar’s Rogoff has bought into SpaceX,https://news.google.com/rss/articles/CBMirgFBVV95cUxQbDJtQkZiZmtjdEVUSldkMk9PTFEyY0ZMdTRWREJXb3NiNk1PeVBWODBhdDZUZEVpU18xZDA5dmQyc19BMkowc3ljdkw0Mjd2RlNrV3hORUU1VGZwV0lhaG5oR1RidHRpd2VkdVJHcUdXVkZYTVhpVml4S1h5X1VId3A3SDZadlRHdkhfX3lUbzRiVUVpc242dlFFSjBkZGdxVkVVNjlJTG1vbWIxNkE?oc=5,Citywire
7,2026-06-19,"SpaceX Is the 5th Most Valuable Public Company in the World. Can It Overtake Nvidia, Alphabet, Apple, or Microsoft?",https://news.google.com/rss/articles/CBMinAFBVV95cUxQTFdXYkpEWm84b3VHSDhxbGNXWnozLTcxcWMzZjVPTTlMSWk1QW1hQms0MTBzODVrTXQzcXFYaFhReHIyc19BYzFRZVU1ZndZVWV1MmJLUEJMVXhuajBnM0dVWTVxVzlBTXN2UmlTS1lMeVA5MVRQamM4bHBCMTBSQ251ci1xUGQ1dG81bXVGVS1tUEVyTktSczNGZWM?oc=5,Yahoo Finance
8,2026-06-19,Why Did Alphabet Become an AI Giant Under Sundar Pichai? Ask Gemini.,https://news.google.com/rss/articles/CBMihAFBVV95cUxNbTR4ZU9RLTVSRzh1ZUFub3hqQks1NWlzYXZ5bzdXYXROM0VDWmtvRTBYYm14R3I1QVllUzhCY0hPcFpjQmJwYi1wN0dTVWtvRlpJdWtad1A3SlNVWEhjQ3RVUW9IUzA3cDIzNlpIdnB3R1ZBN18tdG1qNGw3UF92dFNBUl8?oc=5,Barron's
9,2026-06-19,Warren Buffett Makes Massive Alphabet Stock Trade as a Billionaire Rival Bolts for the Exits,https://news.google.com/rss/articles/CBMivwFBVV95cUxNaUh3VUdtNm9hdXZRenRVMFpWal83c1FJLXFRQ0NIc2tXcE5oOW5RNkkySVQtLWJIaEx0Q0pnN1B5SGxnNEpvd3BmX040SGR4UTJzT2R5V0duM1lkbGM0N2RONFlSMGY2V2dZaHpTY2QzUEJrNGhKOURRb1UybFVHdEhnaGozQ1lyWUZKR0Etc0JUWDRzQ3dzWU9iY1ExZ1lJSGN1LUVsMEM5NTVRaVExMmt1aUk0VDNzSVZGNGg3cw?oc=5,TipRanks
10,2026-06-19,Alphabet Stock (GOOGL) Opinions on AI Capital Raise,https://news.google.com/rss/articles/CBMikgFBVV95cUxNSWYyOFFSN25iSjlEc3BnaTBpVTI3MnF4TmJKWHZ0V3l6bEo1SUJQOGNQYV9zVlE2amZwbzlQc3JzMDVvNzZXWjQxdXRXSUQtbnFRSUFoRXFBSk1mYmQ2RG9vdjVNcVpHUUpUTGVtanFXSmdZOGczbFFfcU5aWldIWkpyZ3JtTjdvbHdVcl96MUc5Zw?oc=5,Quiver Quantitative
11,2026-06-19,Prediction: Alphabet Stock Will Outpace the Market in 2026,https://news.google.com/rss/articles/CBMiqAFBVV95cUxPeEVjM3pOT0h2RmQzWHRUMVhQT0pkWHJxYlp2OC1uaWlSSFJCbVpKNnVDdWR2Rk40bkhoT0lIMTJuUEJiR0IwMlI4TzlYZDVlRzdmdVpRdElBb2hqVDdKWnQzeW1hT3lmYnZ3dHJpY1NSX0JIYlFhMUtwXzB2ZlJoa0Q5bDJEMi1tdjlHUndqa2d1dm9Zd0NDN29RdHJ1SGR6TFcwYUVvbWs?oc=5,Yahoo Finance
12,2026-06-19,Alphabet Finishes Up in Short Week After Google Sees Two AI Heads Exit,https://news.google.com/rss/articles/CBMilgFBVV95cUxOZU5EUzNDT2J2WkdMS19ITGdYeERuN1NpdmdtUVpKN3lZcy1MNTZrbHdwbXNoY1hJNzlvWURTRF9neDVhWUdvRzhpd25KSGRfVGRGNHZlcGo0OTdfeVFtd2xEaG1xd2xZRlMzS1JaN19CNGNqbFV4SEFhM3FIWG5jbXNIeWxCR0xvdmVCZl9DQzdMNGNXOGc?oc=5,TechStock²
13,2026-06-19,Google Has The Best Problem Money Can’t Quite Buy,https://news.google.com/rss/articles/CBMirwFBVV95cUxPYlVzbERsYkFONlNEWmVDRkp6a2N1LVY3M2lmWTFaVGl6ZkhZLVlWeEdkNWhNY1hHRVUzVnVrV0FSMGtneVlISEtyMFM3MnlhdUlRSjM2dUpfVDNKRDlYZ1JpLVhlSGxYZGZGR0tVX09rd003YWozUEFJai1VNllXdnA4cG5Sb0RPQ01aMXFIMXBLbVc4VzRFTUdVVVBNQWtjRS1LVlhEUDNoUVNBTE1J?oc=5,Trefis
14,2026-06-19,"Why this money manager is buying Agnico Eagle, Nutrien and trimming Alphabet",https://news.google.com/rss/articles/CBMi3gFBVV95cUxNVnBGZ09sRVZJaUFwU0RweFlVS2d3TjY1WlBtZ05BSVlMSm02WW9UWE4zV1RVTUtYTWhZWmRnQlVHTC02dGlvbWx1UTdZUkdBZ0hDZ1VIb004c3NVbGR0anRYQlktcGRPX19XaVhOVUx4YWFISmxJbFdHZWwzUmt2eVZTYU1WQS1KTTB1bUVKNkdDb0NaRzBDZDFiNzJVQVJLRU1IanFJa1c1SlAzSVRGOW5WMnhGQlJsQzVKeS14TTZmWkdSdDVMOGN2YTgtS0N1MzdNVGpVWU56NUdQdXc?oc=5,The Globe and Mail
15,2026-06-19,Alphabet: Google Cloud Is Outperforming Azure And AWS; $462 Billion Backlog Requires More AI Investments,https://news.google.com/rss/articles/CBMi0AFBVV95cUxQMkJEejlEUFo5cTl3RTlYWGtJd3MyZk9reHo1YXNxTkxtdUFtWVZMaVR1S0xKT2U2SXd6R082eE5zS0NHNm9mdWd2Q2N5a0p0SWVaTWxIUmpCZ0JmTmlmU0dnZEpjWE9ydWNmMXRmTzJ4V09OT0x4YW1pb28tOTVVUUlPM2p3ckdLX1NwUnZqX0o4NEN2YTdVQkdGLVdsSVI4b1RFRGVKMlA2bWFiemlZR2x6YW9hLURkb0tJcEVfSmZ6WTFncDBBUm5Yc0Q5UXRM?oc=5,Seeking Alpha
16,2026-06-19,The 1 Tech Stock I'd Buy With My Eyes Closed at Today's Prices,https://news.google.com/rss/articles/CBMijAFBVV95cUxOekoxZkh6cTNHb0dydm0zZkdianh2S3loRkU0YzVKNENSQU5tQUpMZlhrTHlqR0FoT0xTSzZ2ZVJLV1hTZ1R4SFBXaFRzUnB3dUctdk0wOFJGQ1M2bzFDLXMwRmVQTURpQmdySVJqSDhsdWFPUW1KVTRWdkRtcFdjVTlaQmVaeGlGYkxOWQ?oc=5,Yahoo Finance
17,2026-06-18,Why Alphabet Raised $84.75 Billion In Stock For Its AI Build-Out,https://news.google.com/rss/articles/CBMitwFBVV95cUxQQWFMR1JRR21raldxamliNlBUeFNzRHFoMnV2MFFCR184aXZVZGNEMUg0RDNmVFo3M01FRkl4d3hsOXJYNVFiWmw1NVNmOG9PZ0M0QUN3eHlOLVF2VnQ0aGNja2htV3g2YWNubjRwT2Fzd21yajB6UVBOQ0pjdTk2bkZwZDIwaktFaDFPb0RqX2lyTkhGNnZ6NWNVZDE1alVqVlV1UDQ3aVFQSlA3dDZYZkxwQ2NySWs?oc=5,Forbes
18,2026-06-18,Alphabet edges lower with shares near $362 after Gemini engineer Shazeer goes to OpenAI,https://news.google.com/rss/articles/CBMiqwFBVV95cUxPd0draTNNM3N4aEZna3lMbjE4RGxVcU5QRGYwMnFaZ0o4ckhxeUlTY1lsR1kwUjAteWd2eGpibUNKaFBsLWs2Vm9RUTQxUXR1aEVlOTMxVjhNVWRGQ0RmcGhwX3NZQ1FtRjJiOGxKNktUdVlZSFBqRU1pZFdkT2RVUWo0R090NkJVQkMzcEJDTWZDdnBoU3FiODlUZFVqenl2OXVXUHBaTFRGdmc?oc=5,TechStock²
19,2026-06-18,"Top Research Reports for Alphabet, Broadcom & Johnson & Johnson",https://news.google.com/rss/articles/CBMipgFBVV95cUxPLXRfaEJnTG1wUHRfS08zS3hlNHVkaGZqYzY3RHBuUUlwZmQ2ZHpCX3JBd0hIVHVHckx5Qk11QUFHUWRpMy1hVkIyQlVsSTNLbl9BeHlxZFlqeXVEUjh5akRtUFUwM0Y0Z0IzSldGbzc3UHZ2d1hmbEo2aWYtNmVsR2ZEcmg5UTB5LXBsdmtKRHEySDRRVnJKU0R2dWtpaDQyamktaUhn?oc=5,Zacks Investment Research
20,2026-06-18,What Alphabet's 100-Year Bond Says About Faith In Big Tech,https://news.google.com/rss/articles/CBMisAFBVV95cUxPX0pSRlpKbmdVQVlqbHNxd28tcDkxTjNjWWV4VFczNTNvYXU0TTNJNGJYY2ktUmhrdm1QWmQ4YjZQNTJpMGFNaUZsS0dTTzRJUXFYRlJCR1FsNnZIWkpiN2RrZVVXdmNXbUt3X21HZ21VeHBZamJreW5DVy1KM1k2Wm5IbE5qdTZvaldEUG5JQVR1N25EV0VKX2lLS0pyZHBkMi1WNjdmUWl1aEVscHBXSw?oc=5,Forbes
21,2026-06-18,"Alphabet (GOOGL) Loses Gemini Leader As Waymo Recalls 3,900 Robo Taxis",https://news.google.com/rss/articles/CBMiwwFBVV95cUxQd2RMaUxMMndha0tiY2lySHZHcjVGdTRPbmZoOU5PTmh5S2NWX3lTT0dqcmMtMnRadWZ5YXhvRVllS2RlYnU2VmxYckFad25PTzlIbGoxaEZFRHdKU2dNbkJFbUVjSld3YmluWmNxUTBUOXp4MjMtM3V3aHk4Vlc1X1VvSXgxQmtvelctd20wWGFhbDB2UkpQTzdNSlJUbm5vcDhRNXdUa2FNeE0yZ3B0V1R6WndSUTVxcFU1NnpXcm8zZ3PSAcgBQVVfeXFMUEZZVzliYlZON3dZcTlqVW82VEVQeDhoNmk3Q0FWRHJGa0tDS2o0M3VqNmg5QlZ3RXFmbHVFa1pBV19rTmJHSzdMRVJuRkkzeVExTUpQTVd3bGpzekF2cUJQT2RrcDBhZW9EYkJyOHY1aGxINTNJNUFEbW1HTHBPTVZnWFF6T3R4Umg5RFBrM3lWQzhUSG53TU9SUG9mU09IOGI4T3FRcC1ya0xkM0hmM0g1NWVrN2JfYWF4OEZSTjltT3RDcl83Q2c?oc=5,simplywall.st
22,2026-06-18,"Alphabet Stock Slips as Waymo Recalls Nearly 3,900 Robotaxis",https://news.google.com/rss/articles/CBMinwFBVV95cUxPcVBWVzBLcnpKVVVQQW05VGwzd0xhbzM4NlpkMDJPY29DbGdKUUVad3NraEkxeTVWazdDVGpSZklfdldrMk9HREdEeHdZcHNVZXAyYXM3NFVBSzBxSHFCSXBEOUxMeHl0SWRBNDNXSG9ZV0hienUtNkIycTNSRWhxNjc3clNhSjFzdVRZWmpEa3Y4UEk1bDhsRlBtbHhBVHc?oc=5,GuruFocus
23,2026-06-18,Snowflake vs Alphabet: Which Cloud Analytics Stock Has an Edge Now?,https://news.google.com/rss/articles/CBMiqgFBVV95cUxNTTllRldNS0l5ZWU0MGIzLXRiUTNSa0VFTXpPajBrNzVhUUMtZTNxall1c09sNjRvZ0VpeWs0ZDlESm44UVBMRllNQ0pPdHhibEN0TEZBZlZkUW80TlhDQzZBTDU3WmdMM2N2ZjNBZld4Nmc2TFRpNzlBQ0hNRGRKU09wTzhDa1pZbHZ4a0l2Q0FIdHpOUFNPRmVxX0dGQjI3UkR6SkhzcTh1Zw?oc=5,Zacks Investment Research
24,2026-06-18,How Does Alphabet Inc (GOOGL)’s Metaverse Push Look Like?,https://news.google.com/rss/articles/CBMingFBVV95cUxQUEUwYkQzOFhPUFduRURQcmJnNTlEakxsWGpHZVdRekgwRk16YlFYTFNScVVHT1UwQ0xWSmxlc1M4S1dESXg2RUs5WFpJNzdEYmV0SUpFYkVtalFiRTUxWERRblhNYmdzb0JkU2E5cmVhZUVNMUdNTzRTQk4wTzZWYi1NR0dEUW93VlBkcENvMWpQbjlWRUNCaFR1U2YwQQ?oc=5,Yahoo Finance
25,2026-06-18,Waymo Has a Tesla-Like Recall. What It Means for Alphabet Stock.,https://news.google.com/rss/articles/CBMigAFBVV95cUxOZGwwaVdwVWdXNjVKSl9icUZXQnBHN25TcmpnX1VwTU5zZnVLZ0NpUEszQ3BwXzRuYzF1SWs0QVBTOEd6c1JKWkZfZGtrMS1XLUdkVkZlcXEzNU5jcmdVQVBjNmxDcjA2YWg0dHBWT0N5WkFjOHY1bHZBZ19BTDhLUA?oc=5,Barron's
26,2026-06-18,"Google's Ruth Porat on AI's data centers, energy costs, and job creation",https://news.google.com/rss/articles/CBMikAFBVV95cUxQT0twaEZfQ256REdwZWVJczN5UV9HZGhSejE4bFBfd0tUaWRBcTc4SkpKM0Q4RS0tQUZJdUswZW9ZdTNQVFUyNGZleTd1Z3Zpa24xOW1EeEJJblQyNHhSQUtTZXp6RUpJRDBJbzhhNlZyX1hDSlZjT2RCT2t0V2cydURKLVJYVmc0VHU2cm1yRjQ?oc=5,Fortune
27,2026-06-18,Cramer’s Mad Dash: Alphabet,https://news.google.com/rss/articles/CBMieEFVX3lxTE0yOHIzLUpYM1BKODMtdUY3Z0ZGWjJ0S29HYmsyTHZsTi1xRVNUaHBCdTdmZVJJVk8zWmlKcElfYWdIZkt3LXFCMnVWRkliR0RkekJyRnZzTXplWnZJQWY4VTR0ZTRxeHBPUUlFNXRiZkVMaVp1bEhPVQ?oc=5,CNBC
28,2026-06-18,Alphabet (GOOGL) Announces $1.5 Billion Investment Across 2026 And 2027 To Expand Its Alabama Data Center Campus,https://news.google.com/rss/articles/CBMikwFBVV95cUxQTGRLVlp5WTg2aV9oR3U5dDI0ZWt1djduYnFpNHVIbGtZbnB4b2VpR3FHR1BkZE5VMXhpQm13YlQ3dnBqa3BBQzN5NkQ3QjZHc1JJN18zbU9tMG9vRU9pdjZFRmI0U1BwcVJsQUpZeV9PMGVCVC1rV0RwT3NpZnNfNmp0SWZZcTN3bXpZRlRReDdVenc?oc=5,Yahoo Finance
29,2026-06-18,Alphabet (GOOGL) Faces Waymo Recall And Gemini Leadership Exit,https://news.google.com/rss/articles/CBMingFBVV95cUxNNWstamxxem1pUFpxTXNkQmFwVjRJM0tqamVFbGRuOEFVa1VkV0hSZkJaVnlTdGlSNXQ0Z2lvazBBX0c0blptd0RIQ2lyb0F1akt4Y09kQkNIMGhGVDlVUkhKRjZfNGlZWC1sMzduMllJUnVDQkRYb1ExOEh4cUhtajNVNXdVQWRjN0ZfSHo5dFUzazM0WUdXQmxvVjc4Zw?oc=5,Yahoo Finance
30,2026-06-18,Google’s AI Superstar Is Joining OpenAI. Alphabet Stock Is Doing Just Fine.,https://news.google.com/rss/articles/CBMif0FVX3lxTFBodWRzU1ZFM05tczBQZ0lDQU45Qy1CNTl5R2NiTkN0V1BEN1JIV3VzRC1WREdDbV9nVWFET2RFN3JFaGl0bHBmMkw5QlV3RjlQVk9uOVZVOGgxWV9aaXNpbGdteDJoTDV3QnNSQURTOXVEclBvVHF5S2VHREVKN0E?oc=5,Barron's
31,2026-06-18,Forget SpaceX. Alphabet Just Beat Earnings by 94% and Doubled Its Cloud Backlog to $460 Billion,https://news.google.com/rss/articles/CBMi0gFBVV95cUxObWprTXVmTVVudjI2SU4yMEI0TW1KbThkSDdSS3IwN1FLZGM2a1hHNHlEOExJai1jSmtkdFlxMjB1a3F1R0hhbUljRHJ0ZWZJT1lOTjEwWUU5eTB5eDRmRjlpdGFZTEJJc05rSDlfN2xEaEpVSmsyeko4ekxtMVJoNXp2Y3RJbzctOTBNamtJNkltR2syS1NjTFVpd1VqaHNvRFVrZWFPMUtUeHREcW9DMkhTYWcxWUEyMGFudFBWLUloaWtXcWVNTE91ZHlDaGZzR2c?oc=5,24/7 Wall St.
32,2026-06-18,"SpaceX Joins Nvidia, Alphabet, Apple, Microsoft, Amazon, and Taiwan Semiconductor in the $2 Trillion Club. But Will It Last?",https://news.google.com/rss/articles/CBMilgFBVV95cUxPd1hiaUhzRDFFMjEwdlNFQ2dlX3Y0UzJGODlsU1YwaWoycklaMXlheWpHYXRYdk82YUZfQThGS2FvdVJTd1UySmg5ZWhpaVUwNDJvZ01zcUhBRlBnNTZnM0g1d2dwRDJFSThwSGNQNE15UXdOeVlFaDVEWlFyLU5uczNkXzVhRnVPbzVfWWJlMm9CYzBaaHc?oc=5,The Motley Fool
33,2026-06-17,Chart of the Day: Google’s Correction Seems Finished,https://news.google.com/rss/articles/CBMijwFBVV95cUxNd1g0Z0JLMENZcF81QmhES3RsenhTMGNaN29rLWlRWTlPNmE3ZmFHenk4QzZrWERWbE5ydnZ1MjJIV1dqNVB2ZUE0bF81UldfMFVLVEktODNrclZ3cXI4SkJFd0NCM0Y5NllyVEM0b1E4X2NUSTE4Rm9HZElQX05pN2dhbk1LT2NzZjhGOEI1Zw?oc=5,TheStreet Pro
34,2026-06-17,Jim Cramer Discusses Alphabet Inc. (GOOGL)’s AI Chips,https://news.google.com/rss/articles/CBMingFBVV95cUxNQ3BwMGZ3OTFvU2Y1emZiZGM4NE1pMHlKQzFYS3FFczQ5MlhpallqUnJ1M2E1YmtERy1RSU9xc2NtNkp1MXR1cU9VdHBtLUZNZDJzOHhpdUdoVHV4YVV4WnBCNkVHSTVwMU5nVlZDWUZVa3ZGZjh3QVpOdGV3OGxHZnhLQzJQSkRvY1FIQldmd0pIanV5YllCMkhONkhMUQ?oc=5,Yahoo Finance
35,2026-06-17,How Berkshire’s Bold Alphabet AI Bet Under Greg Abel Will Impact Berkshire Hathaway (BRK.A) Investors,https://news.google.com/rss/articles/CBMi5AFBVV95cUxPVkFRNU1vTHk3a2Q5REk5eGdxd09lb0gyR2dRekVTRGktMk5zVW16NzZPRnhGUUJrMFZrbGpQWkRsUkx4Qnc3REh1Yk8tM3drTy1reGFhTVY2bU1CTjcyWmdOdnhFM1o2OEU5NlduS05oNUM1czdzSmVSZVZ1NzQ1OV9EZHBGaElRQjlzdTZUOW9PX0c1bEdpSUl1SEVyM1FVS1ZxaTZPR1d2YjFrbTBsTUo4MWJtQ21QZGJsd2dSWl9vNHUyWkpJNmQ3WFpackkyMlZsU2wtOHVUNWVnbS11ZENoR1jSAeoBQVVfeXFMUF9maDFNTl9QN3NqMHdseW5KRnJFbHZ1RHYydnd4N09sRTZ6VHlLOWNYTm5Eam1TWHBxQ2dmT3BvQW5vdXNSNW11SVl1XzlyWWJrZzNwak1TcklYd3ItalZyZURXVmtsX2dHQWk5M3ZpcGM0NGZSMmZmQXNWMzVUQkpXbWZFb1BfRmdmQ01PNjcwWmVDZkpIVHptVHBKTEt1eV9JczRjUTRGYjRSbFhUdzJIalNQWE9ZQzNId2NfV3U0NWNlUGNPODFCOXBKT3lGdU1ldURFQ0gwRHVaUmhrY1V5bmR4UWdtR1lB?oc=5,simplywall.st
36,2026-06-17,Uncle Sam bets $500M that Alphabet spinoff's AI can dig up new semiconductor materials,https://news.google.com/rss/articles/CBMi1gFBVV95cUxQSlp1dnEzVVoxbHlSOGtQNFNyN292REdMdXV4OFZ3T1k4X3IxcXUtOXFqR0JPNWNuVmI1UlVZT2RGSUtlTVdVQ2pObm1oSVdXdUNDOGxxU3pqcE5UbEtMTE42eG01Y0Y2MGpqM1VsM1owQldOYTNtT1FWT1JpbFRSTkFRdEg3cGwyR25VUmtvQTJyNU9qc1htWHNua3hzdEdCcGQzcUlmNGRyN3BVOF85N2ZfTkMxaDdiNlFaNTJQOWs0bkwwVGc1Ti1RZHJuQnpXYTJ5Y0ln?oc=5,The Register
37,2026-06-17,"Alphabet Drops 6% in a Month: Buy, Sell, or Hold the GOOGL Stock?",https://news.google.com/rss/articles/CBMigAFBVV95cUxPaEdsZjluejVHV3JOaXF3UXRfem9kR3lSLWZIa3NrWXRHckFUV0FJUElRbWRoVlBxTFBVb3NRcExHZDk1dkNkOFQ1ZEpOZXhhalZTWDFDbThjd1czYUlNTWFlVVkzbkRZVDJjZWRDZ2NQR2kyb2dpMDZyeUdpUmpmSA?oc=5,Yahoo Finance Singapore
38,2026-06-16,Alphabet (GOOGL) Stock Valuation Check After Recent Pullback And Undervaluation Debate,https://news.google.com/rss/articles/CBMiwwFBVV95cUxQTmN2SjUzUlEzMTRpZXpJWXhCNjg2T1NBRklnODF5NEJOd04xZkc1WmVrMFN5WkRKSC13U01zMUJJbzJ3T2FGcFFweXlpbGhFM0ZsUlBpV0tHR012NTdsRFJwNE5FeWFXcXo5UmlhcFU3UHVOZ3Nid25GMnpFaUI1TTlqdWkyN1FrTGhXX1ZnUTBMUDRaUGhUUWlZR29nc3lsVW1vSEhuamZ5VW90Y252bXBHbTI5Zms1eWdWb2c4ZUNoWHfSAcgBQVVfeXFMT0RkdEtlaDRzRk5rLXh1Z3k4QTdVUXkyZVZqeE1GMXZZXzlHZm1aTm9rQS1ObHVyQTg0bllkZTM0R255Z2dCLVNnbVJ5ZmhVT1ctSjRlZjlaajhPZkJGak1oWUtTa2VJVm1fYlJ0ZmxsR3R2WVpENy1CWVFEYWVfMEtudkk3SDFHbXRrdlpMbV9sTURVeTZOLWVUcUlrQTNDbm9pWUlfN3pzOEFhb3lCaF83LTViSV9ZcDdxVDdiMElkb241ZTlTNkY?oc=5,simplywall.st
39,2026-06-16,"Alphabet, Lam Research, A Financial Stock: CNBC’s ‘Final Trades’ - Alphabet (NASDAQ:GOOG), Alphabet (NASD",https://news.google.com/rss/articles/CBMiygFBVV95cUxOeW96ZFZjLVZoeEQxakFNYlFhaE1WdFpDVlIxbGx0a0hQM3dacTZ4bGFRLVcxcl9hcUl6TC10UXZKZ0l3RUZaQXJiYVVmc3p6M1dUalBvcDJDNVlLVkFTTjBjQWNvYnZtN2FWaXk3d0ZuRjV1UXVkYkhycXgyeld6akRJdnhBQmY4THZ4bnMzc21wNFlfS2g4dEJVUGNWc0hqTG5vUEdjX2QxSmxNMURPRWdYc1B0MHFuSDBnR1lzT2hVVkVMZGNwODJR?oc=5,Benzinga
40,2026-06-16,"The Zacks Analyst Blog Highlights Lenovo Group, Alphabet, Salesforce, Visa and NVIDIA",https://news.google.com/rss/articles/CBMi-gFBVV95cUxQbkVjVDFsMDB4eFBkYUZZM0FPcmR1UXBrTnRrWG9ua1IwWHVxYzFVd2ZsUDV6NWhJaWl2eGg5NkgzUHplUDVtRzBBRWtLdi1IQVRyRVRlLU9kUUpvV2FBbU5taVYzeXlaaUFwRXF6SW1rQmRJM2pDRExnQUxKT2Nfb2c4dkVfbzFKa3F5RmFRYkZReURhbldvX2lYeXhRLXJ2bEcwN0x4MGt1X1VqV2c2YzY0U3pqZFhJVEpuUFYtTmdMZ0xCLW9kelJGaHYxNXZIQjh0VER5S0JXM3ZNX25ScG1VWjNKUnpnbElfbGpPb3M3VWd2MUI0cExR?oc=5,The Globe and Mail
41,2026-06-16,"You Can Now Invest in Alphabet With a 6% Dividend Yield, but There's a Catch",https://news.google.com/rss/articles/CBMilgFBVV95cUxNWUxrNWFWWFpBd0E2NmdhcjlfbmxfQ3F0dmQtdmgyTmtlQTdmNnhZVE11cEFpVGNGWXp6Y2duTmRDY1FIeEpMZU1yUXlnVW5XNTVuSm1QU3lHUmVKY2JZWW1adVhpUTFqOEdxaTFZcHJQN1lySGRyX21YZVJvVkFrZFRsa3MyR0xFZXktbkVfQm51bUdyM1E?oc=5,The Motley Fool
42,2026-06-16,Alphabet: Still A Big Tech Pick To 'Buy' Now (NASDAQ:GOOGL),https://news.google.com/rss/articles/CBMiigFBVV95cUxOWlkxSEJ6akdfdXhzNlo5SjIzNURzU1pSaTdVN0l3VmxrLXBtcl9vc2VtbE4yTlpNTXNWM2M1NHZQRUtKc2RlUGFNdV90RjZ0RkR6YTF5ZEhmNEk4dGFIZGc1dHNtOV9wdWJHVVI2UkpMQ0ZSRURPNEp0VnlJeVNyMnlSYXAzdUx1WUE?oc=5,Seeking Alpha
43,2026-06-16,Nvidia vs. Alphabet: Which Is the Better AI Chip Stock to Own for the Next 5 Years?,https://news.google.com/rss/articles/CBMilwFBVV95cUxPQ0ZBQ3YzY2NiN0JIWXZFa1d1MHpYMnAxbHhJNDdJQ2h5QWlEbkU3LWhiaDZMNGltME1HOHdHbVQwLWFtbnFsYXFtWlItT3VrOVlyWnhRd09FbVBmSUtSVVhfSHZPQTNSbFE0Qmh3a3MwRW5vbmxHQ21qcTBQMkNRRndiVW1TTU0wOElncklaRVowWkhtYWNn?oc=5,Yahoo Finance
44,2026-06-16,Alphabet (GOOGL) In Talks With Samsung For Manufacturing Next-Gen AI Processors,https://news.google.com/rss/articles/CBMilgFBVV95cUxQYjlCcjZDNlhzSEkxZnNib0IxeVluaTF0LTllWE10ZTh5RFg4VXo4Nk1UWUlqMFRoWHYyamllaFFLM2V6Rmd2UFpDcDFRaDQxLTYtWmlIaDVfRzlTU01TZTdfd1FzWDRwbWFYUzZqczZrbmtMbXJCMWhXWi1sUDBaalFmejFDdmlkT281ci1lOWlZbk10WUE?oc=5,Yahoo Finance Singapore
45,2026-06-16,"New Mid-Rise Residential Buildings Nearing Completion in Alphabet City, Manhattan",https://news.google.com/rss/articles/CBMiugFBVV95cUxPN0FLbDI3cmpGTGx6SXVobklJQkc0c1dBSzVXSlhEVWNyenVvRXMzWFJwbHFjeWFzYzRMTFVUSVBQSTlTWU9CYUZ5RVpJYWVxTjVQVE84TGJZVFFPOThYdzFNSjhmOXdlUEp3QV9UZmRfTFIyWUZnY3dLeWlrVVBLRHZVVVV2YWhjUl9ZRVhMUXlKVXFIcU9KRHZVSTZsR01faW95clVDMGFhbjBvSEZXN0NOZkNVLTlpV0E?oc=5,New York YIMBY
46,2026-06-15,"What's Going On With Alphabet Stock Monday? - Alphabet (NASDAQ:GOOG), Alphabet (NASDAQ:GOOGL)",https://news.google.com/rss/articles/CBMipwFBVV95cUxNYjl2Tm4wSk5DQV9Nc1MzR2FWdXhnRkVLTnZQcjUxdUhwOEVEOEp1Y1VDT3NrZWFhM19RQnVpQXU1TktzRGd4U0xjT0ZJcDFBLTltWXJXc0c4WVpDNGhWNWRvdVRuY3dKT2tQM0sydjJaSmUxbFpTc2FMWEhZX3BQVHpLbTBncFNNV2NmbXkycXNfSGpNejFzR2FCZ3hSbUIzMlJGY2h2RQ?oc=5,Benzinga
47,2026-06-15,"In Speech To Stanford Grads, Alphabet CEO Sundar Pichai Doesn’t Mention AI",https://news.google.com/rss/articles/CBMi1AFBVV95cUxOdmhyU3pwSElsalFPbktRbE1aaXFqbk5SbHp6WlR0eWlhaGRhMndXRjJPQi11SndwNWxvZ2hKZkNacGl2WTYxMFR6RGhZSHZxNjJMNmRUdVJ3OFBpUG5PRFFNSTltSEhlbjg3UnF6ZlR6STdrdGZXSkt2UEVtaGoyTnl1UFFVWHNMSnVxZU5WM1YxTFFDZGd1akpXcldqRVJSSjdfdnJjSkp4WGhuQ0MwYzFQaFVldmpkSjF1WWFjU2staU1LWHAzMjRDNmZ3Zk9sbjFyUA?oc=5,Forbes
48,2026-06-15,Alphabet Inc. (GOOG) Rises Higher Than Market: Key Facts,https://news.google.com/rss/articles/CBMihgFBVV95cUxOTjVPV1NBaGJBVFlZZGhXQTdNQ3B5OWZ6UW0wZjlnV2xNMVhtNkhBSDQ5NGRqbUVJSFgtRW5OM28weWFtSmFMUURlOW1ucDZjalZWenc1RHR5WWZNWDk0VWFSbk15ZnNpWVZNWXlxYnJuT01OUWhPRElCQTYyZHBFSUNvSi1uQQ?oc=5,Yahoo Finance Singapore
49,2026-06-15,"Alphabet (NASDAQ: GOOGL) Expands Real Estate Search, AI Partnerships, And Waymo Subscriptions To Drive Revenue Growth",https://news.google.com/rss/articles/CBMi8wFBVV95cUxNVS1iU3V3NzFaQVRLS2RIcXRFejlPTFJBQkQ5bk1mbHBubEdzM2Z6NlNhbXh4VHVublJiYWFzSHYxSXAyQ1ExWWJpOG1EWlYwX2g0UXRieHNuOUdGa2d1eFlvV2NLV2xBMm5qeWtmMy0tc1lndENEUEd3bGlsZHpYZkxDck9mX2R4bWxnanBIb3BubFlIWW5OWDRTNG9mZ1ZON0JZSlpGNkRRVXAteEpBcl9CNHN3Y043RFYxSFhLMFhobUkzNnBFNTc2b2ZxRDJLY0MzZnFTTWQxWFc5eHI2WV9nOFlfLVQwaEVDN2hnMDJUT28?oc=5,foreignpolicyjournal.com
50,2026-06-14,Alphabet Ties Search AI And Mobility Closer To Revenue Potential,https://news.google.com/rss/articles/CBMingFBVV95cUxPZTVpU09qLUtfYUNzSlJ1cXRIN1E1aERTOXFHMjBtREt0NzdwN2FOQ3k2dDBtZEx4dWZzTWl6eE9DbXdLX2hJUmRVWUhuVEpGT0hlbGFPSl8wUHllUUt3RU5DdVNoSE5pODEzSU43c2xpcmtUNWI2MDJ4RDhCSTVOdzN6bXVwUlNqUVFTeEZCS3Eyd1gta1o2Wm5yWGptQQ?oc=5,Yahoo Finance
51,2026-06-14,Alphabet is Raising $84.75 Billion to Win the AI Wars. Should Investors Celebrate or Worry?,https://news.google.com/rss/articles/CBMimwFBVV95cUxPN2J2cGdETEdVTlZDOTlxRWxBcHNyVUt4QXpWZmpHYnVNRHZtYWJCTncwRFdHMV9RQ1UyM2tLcVk5OEZsaTM3Q3d2dnhvXy0tVmU3U2syYjhyVXZHdGFFQVoxRGs1bHk3MWd6b05QMW91ZFB0ZV9zcHBaMERWOU9nY2tUME5DQ0k3aExVNU1OaHZJWTJpakQwSFVScw?oc=5,Yahoo Finance
52,2026-06-13,The Origin of the Latin Alphabet,https://news.google.com/rss/articles/CBMiiAFBVV95cUxNTERPdXZDekcwMEVabjZvQjRPckN4c01DWXhKRzBaY0lFSXQ0amxKVS02eEhwekJlNGltT2NBcWRFSGhPM1lRUkZicVNpaElXQ200cEVxOEl6U2hGRGViZGNXN0lqRGhMSDNfM3Y1VjlqUGNDT0VuZWY4WnB4RTd3TXA4Y2xycjM3?oc=5,Britannica
53,2026-06-13,Alphabet: Buckle Up For What's Coming (NASDAQ:GOOG),https://news.google.com/rss/articles/CBMiggFBVV95cUxOWHZfekxzc1YtZ0xtZXFqcjJUQk9ScU9NV2pnODdhd09DSU1DekxUOGpmQ0ZrZWpQcEhuRjBuSXFEUmRQM1AzMFlZZ200XzZpam1vd2tyTHhtbksyZ2YyOFFqVTQ4Smc4TC1zNzAtd2IyeWJiZFZpZUxLV1lkSEt1RXBR?oc=5,Seeking Alpha
54,2026-06-13,Is Alphabet (GOOGL) Still Undervalued?,https://news.google.com/rss/articles/CBMingFBVV95cUxPSHFfT0RVOWZocVVHTG9UajNkTE4xXzg1UW53Z2pyeml1dDlRQy1nZzQ0REtlalhGejh6alNCZjRXclQwTzZnNE5DbkFfV3UyTmE1UFducGJkclM1b2M3ZFVENHNwNTREQUhUdkZtS1Ixd1F5V3NUZktCRnNFWGxKQmpnbVdFbTRNeWFaLUphcTU2UzNkNXJ0blVMVzB0Zw?oc=5,Yahoo Finance
55,2026-06-13,Alphabet’s New SpaceX Exposure Adds A Fresh Dimension To Its Story,https://news.google.com/rss/articles/CBMiogFBVV95cUxOZjVhdG9pcGMxRWVBU2NYdEsyVllEMzJ2eXBUTUMyZGhjYmg2M2M4aVdTU3lGcFBJM2Z0YVRBV1pfazVkR1owOXREVjlsNm45NURNMDZhWUVLVFI5NER0VW01VGE2d0RMZm1rMXFPRUhYVmdweGdsdXVzSTkwTC1UOGlIZzlvQWZqWlpmeS1rcXJUdnd6YlEwUWhyWVlyNjBZUkE?oc=5,Yahoo Finance
56,2026-06-13,Alphabet (GOOGL) Places An Order With Intel To Manufacture More Than Three Million Tensor Processing Units In 2028,https://news.google.com/rss/articles/CBMinwFBVV95cUxOWmdvVFpmcFVJQnBNUHRuZWdLRUpaOUxvVXpIYndIZ2IzTEtNaUtWQ3NaSmU4TDBvRlFMTnlkNnZxZDdlX3l3LVd4S2h3OTl0N2o5Zi1LVjNoZFpnUm5QTnlVRmpfRko4LW15Y053c2dZd3JZSzRoVDN4YnpwZFZTYjl5bjFBNWpMcWgtVlBuSnk3N1NWSVMyeW54ajhESDg?oc=5,Yahoo Finance
57,2026-06-11,Should You Buy Alphabet Stock Down 10% From Its All-Time Highs?,https://news.google.com/rss/articles/CBMimAFBVV95cUxPb2hEV2dUb25DWnFmc2hieDktdEFIY0FpVFRlVEF5WkdnQ3BCb0ZyS2x0eUstVXFLd0ZRV1VVMXhBa2RIMFdFaDRHUEh4c2l5SmE4aDVFVE9VeEJZcUVuaW54TDJNclp2bjNhNDNnc20tNER4RzhZMWRaaWxFT0lwaDdvRWFjX3Z5X0M5SmZuSTczT0lJTElrLQ?oc=5,The Motley Fool
58,2026-06-11,Could Alphabet Be the Best Way to Buy SpaceX and Anthropic Before Their IPOs?,https://news.google.com/rss/articles/CBMimAFBVV95cUxPS1AyLW9nTHVYd0RuUUxUVG1WVzFSVkVvY2ZMOXhTWTktMm84VVNGY2xTMHVkRE8wbF9wYllfeVZ4UTVwaDRZbUU1eGJDTURGdGJEZnp1XzR2MzRLWkotQUhwVGRjWmJhVDgwS3JpQ2E0WFpwc3RjVUZqWU5YRThaTFEzcnN4RlhIaXJXTkNWZ0V5Sy1XUnY0Tg?oc=5,The Motley Fool
59,2026-06-09,Alphabet Convertible Preferred Offers 6% Yield and Upside With Common Stock,https://news.google.com/rss/articles/CBMitwFBVV95cUxOaG1uZVpsbDJfZmpCakZQbkZTd3J5bk5IOEhZOEVYUEV3ZDJHSzJ1elVHeF85aklrTUR1LVlLMFlVT0ktNDJ0MXdmS2RTbGlTWWU0Q2FTUGt6SGRPR1FBYXpsS3RZdGJtYUtjdEdQR24ybWJySElaSDFQRktxdTNMQ0pUREJ4el9ZMTFiLXR2NTBfdVlnUFlVak9TOGNraVlMMGdXcXZ0ai1yNU5CemlEQmstMDNXSTA?oc=5,Barron's
